1,1/1/2019,2019,1,Q1,1,January,1,3,Tuesday
2,1/2/2019,2019,1,Q1,1,January,2,4,Wednesday
3,1/3/2019,2019,1,Q1,1,January,3,5,Thursday
4,1/4/2019,2019,1,Q1,1,January,4,6,Friday
5,1/5/2019,2019,1,Q1,1,January,5,7,Saturday
6,1/6/2019,2019,1,Q1,1,January,6,1,Sunday
7,1/7/2019,2019,1,Q1,1,January,7,2,Monday
8,1/8/2019,2019,1,Q1,1,January,8,3,Tuesday
9,1/9/2019,2019,1,Q1,1,January,9,4,Wednesday
10,1/10/2019,2019,1,Q1,1,January,10,5,Thursday
11,1/11/2019,2019,1,Q1,1,January,11,6,Friday
12,1/12/2019,2019,1,Q1,1,January,12,7,Saturday
13,1/13/2019,2019,1,Q1,1,January,13,1,Sunday
14,1/14/2019,2019,1,Q1,1,January,14,2,Monday
15,1/15/2019,2019,1,Q1,1,January,15,3,Tuesday
16,1/16/2019,2019,1,Q1,1,January,16,4,Wednesday
17,1/17/2019,2019,1,Q1,1,January,17,5,Thursday
18,1/18/2019,2019,1,Q1,1,January,18,6,Friday
19,1/19/2019,2019,1,Q1,1,January,19,7,Saturday
20,1/20/2019,2019,1,Q1,1,January,20,1,Sunday
21,1/21/2019,2019,1,Q1,1,January,21,2,Monday
22,1/22/2019,2019,1,Q1,1,January,22,3,Tuesday
23,1/23/2019,2019,1,Q1,1,January,23,4,Wednesday
24,1/24/2019,2019,1,Q1,1,January,24,5,Thursday
25,1/25/2019,2019,1,Q1,1,January,25,6,Friday
26,1/26/2019,2019,1,Q1,1,January,26,7,Saturday
27,1/27/2019,2019,1,Q1,1,January,27,1,Sunday
28,1/28/2019,2019,1,Q1,1,January,28,2,Monday
29,1/29/2019,2019,1,Q1,1,January,29,3,Tuesday
30,1/30/2019,2019,1,Q1,1,January,30,4,Wednesday
31,1/31/2019,2019,1,Q1,1,January,31,5,Thursday
32,2/1/2019,2019,1,Q1,2,February,1,6,Friday
33,2/2/2019,2019,1,Q1,2,February,2,7,Saturday
34,2/3/2019,2019,1,Q1,2,February,3,1,Sunday
35,2/4/2019,2019,1,Q1,2,February,4,2,Monday
36,2/5/2019,2019,1,Q1,2,February,5,3,Tuesday
37,2/6/2019,2019,1,Q1,2,February,6,4,Wednesday
38,2/7/2019,2019,1,Q1,2,February,7,5,Thursday
39,2/8/2019,2019,1,Q1,2,February,8,6,Friday
40,2/9/2019,2019,1,Q1,2,February,9,7,Saturday
41,2/10/2019,2019,1,Q1,2,February,10,1,Sunday
42,2/11/2019,2019,1,Q1,2,February,11,2,Monday
43,2/12/2019,2019,1,Q1,2,February,12,3,Tuesday
44,2/13/2019,2019,1,Q1,2,February,13,4,Wednesday
45,2/14/2019,2019,1,Q1,2,February,14,5,Thursday
46,2/15/2019,2019,1,Q1,2,February,15,6,Friday
47,2/16/2019,2019,1,Q1,2,February,16,7,Saturday
48,2/17/2019,2019,1,Q1,2,February,17,1,Sunday
49,2/18/2019,2019,1,Q1,2,February,18,2,Monday
50,2/19/2019,2019,1,Q1,2,February,19,3,Tuesday
51,2/20/2019,2019,1,Q1,2,February,20,4,Wednesday
52,2/21/2019,2019,1,Q1,2,February,21,5,Thursday
53,2/22/2019,2019,1,Q1,2,February,22,6,Friday
54,2/23/2019,2019,1,Q1,2,February,23,7,Saturday
55,2/24/2019,2019,1,Q1,2,February,24,1,Sunday
56,2/25/2019,2019,1,Q1,2,February,25,2,Monday
57,2/26/2019,2019,1,Q1,2,February,26,3,Tuesday
58,2/27/2019,2019,1,Q1,2,February,27,4,Wednesday
59,2/28/2019,2019,1,Q1,2,February,28,5,Thursday
60,3/1/2019,2019,1,Q1,3,March,1,6,Friday
61,3/2/2019,2019,1,Q1,3,March,2,7,Saturday
62,3/3/2019,2019,1,Q1,3,March,3,1,Sunday
63,3/4/2019,2019,1,Q1,3,March,4,2,Monday
64,3/5/2019,2019,1,Q1,3,March,5,3,Tuesday
65,3/6/2019,2019,1,Q1,3,March,6,4,Wednesday
66,3/7/2019,2019,1,Q1,3,March,7,5,Thursday
67,3/8/2019,2019,1,Q1,3,March,8,6,Friday
68,3/9/2019,2019,1,Q1,3,March,9,7,Saturday
69,3/10/2019,2019,1,Q1,3,March,10,1,Sunday
70,3/11/2019,2019,1,Q1,3,March,11,2,Monday
71,3/12/2019,2019,1,Q1,3,March,12,3,Tuesday
72,3/13/2019,2019,1,Q1,3,March,13,4,Wednesday
73,3/14/2019,2019,1,Q1,3,March,14,5,Thursday
74,3/15/2019,2019,1,Q1,3,March,15,6,Friday
75,3/16/2019,2019,1,Q1,3,March,16,7,Saturday
76,3/17/2019,2019,1,Q1,3,March,17,1,Sunday
77,3/18/2019,2019,1,Q1,3,March,18,2,Monday
78,3/19/2019,2019,1,Q1,3,March,19,3,Tuesday
79,3/20/2019,2019,1,Q1,3,March,20,4,Wednesday
80,3/21/2019,2019,1,Q1,3,March,21,5,Thursday
81,3/22/2019,2019,1,Q1,3,March,22,6,Friday
82,3/23/2019,2019,1,Q1,3,March,23,7,Saturday
83,3/24/2019,2019,1,Q1,3,March,24,1,Sunday
84,3/25/2019,2019,1,Q1,3,March,25,2,Monday
85,3/26/2019,2019,1,Q1,3,March,26,3,Tuesday
86,3/27/2019,2019,1,Q1,3,March,27,4,Wednesday
87,3/28/2019,2019,1,Q1,3,March,28,5,Thursday
88,3/29/2019,2019,1,Q1,3,March,29,6,Friday
89,3/30/2019,2019,1,Q1,3,March,30,7,Saturday
90,3/31/2019,2019,2,Q2,3,March,31,1,Sunday
91,4/1/2019,2019,2,Q2,4,April,1,2,Monday
92,4/2/2019,2019,2,Q2,4,April,2,3,Tuesday
93,4/3/2019,2019,2,Q2,4,April,3,4,Wednesday
94,4/4/2019,2019,2,Q2,4,April,4,5,Thursday
95,4/5/2019,2019,2,Q2,4,April,5,6,Friday
96,4/6/2019,2019,2,Q2,4,April,6,7,Saturday
97,4/7/2019,2019,2,Q2,4,April,7,1,Sunday
98,4/8/2019,2019,2,Q2,4,April,8,2,Monday
99,4/9/2019,2019,2,Q2,4,April,9,3,Tuesday
100,4/10/2019,2019,2,Q2,4,April,10,4,Wednesday
101,4/11/2019,2019,2,Q2,4,April,11,5,Thursday
102,4/12/2019,2019,2,Q2,4,April,12,6,Friday
103,4/13/2019,2019,2,Q2,4,April,13,7,Saturday
104,4/14/2019,2019,2,Q2,4,April,14,1,Sunday
105,4/15/2019,2019,2,Q2,4,April,15,2,Monday
106,4/16/2019,2019,2,Q2,4,April,16,3,Tuesday
107,4/17/2019,2019,2,Q2,4,April,17,4,Wednesday
108,4/18/2019,2019,2,Q2,4,April,18,5,Thursday
109,4/19/2019,2019,2,Q2,4,April,19,6,Friday
110,4/20/2019,2019,2,Q2,4,April,20,7,Saturday
111,4/21/2019,2019,2,Q2,4,April,21,1,Sunday
112,4/22/2019,2019,2,Q2,4,April,22,2,Monday
113,4/23/2019,2019,2,Q2,4,April,23,3,Tuesday
114,4/24/2019,2019,2,Q2,4,April,24,4,Wednesday
115,4/25/2019,2019,2,Q2,4,April,25,5,Thursday
116,4/26/2019,2019,2,Q2,4,April,26,6,Friday
117,4/27/2019,2019,2,Q2,4,April,27,7,Saturday
118,4/28/2019,2019,2,Q2,4,April,28,1,Sunday
119,4/29/2019,2019,2,Q2,4,April,29,2,Monday
120,4/30/2019,2019,2,Q2,4,April,30,3,Tuesday
121,5/1/2019,2019,2,Q2,5,May,1,4,Wednesday
122,5/2/2019,2019,2,Q2,5,May,2,5,Thursday
123,5/3/2019,2019,2,Q2,5,May,3,6,Friday
124,5/4/2019,2019,2,Q2,5,May,4,7,Saturday
125,5/5/2019,2019,2,Q2,5,May,5,1,Sunday
126,5/6/2019,2019,2,Q2,5,May,6,2,Monday
127,5/7/2019,2019,2,Q2,5,May,7,3,Tuesday
128,5/8/2019,2019,2,Q2,5,May,8,4,Wednesday
129,5/9/2019,2019,2,Q2,5,May,9,5,Thursday
130,5/10/2019,2019,2,Q2,5,May,10,6,Friday
131,5/11/2019,2019,2,Q2,5,May,11,7,Saturday
132,5/12/2019,2019,2,Q2,5,May,12,1,Sunday
133,5/13/2019,2019,2,Q2,5,May,13,2,Monday
134,5/14/2019,2019,2,Q2,5,May,14,3,Tuesday
135,5/15/2019,2019,2,Q2,5,May,15,4,Wednesday
136,5/16/2019,2019,2,Q2,5,May,16,5,Thursday
137,5/17/2019,2019,2,Q2,5,May,17,6,Friday
138,5/18/2019,2019,2,Q2,5,May,18,7,Saturday
139,5/19/2019,2019,2,Q2,5,May,19,1,Sunday
140,5/20/2019,2019,2,Q2,5,May,20,2,Monday
141,5/21/2019,2019,2,Q2,5,May,21,3,Tuesday
142,5/22/2019,2019,2,Q2,5,May,22,4,Wednesday
143,5/23/2019,2019,2,Q2,5,May,23,5,Thursday
144,5/24/2019,2019,2,Q2,5,May,24,6,Friday
145,5/25/2019,2019,2,Q2,5,May,25,7,Saturday
146,5/26/2019,2019,2,Q2,5,May,26,1,Sunday
147,5/27/2019,2019,2,Q2,5,May,27,2,Monday
148,5/28/2019,2019,2,Q2,5,May,28,3,Tuesday
149,5/29/2019,2019,2,Q2,5,May,29,4,Wednesday
150,5/30/2019,2019,2,Q2,5,May,30,5,Thursday
151,5/31/2019,2019,2,Q2,5,May,31,6,Friday
152,6/1/2019,2019,2,Q2,6,June,1,7,Saturday
153,6/2/2019,2019,2,Q2,6,June,2,1,Sunday
154,6/3/2019,2019,2,Q2,6,June,3,2,Monday
155,6/4/2019,2019,2,Q2,6,June,4,3,Tuesday
156,6/5/2019,2019,2,Q2,6,June,5,4,Wednesday
157,6/6/2019,2019,2,Q2,6,June,6,5,Thursday
158,6/7/2019,2019,2,Q2,6,June,7,6,Friday
159,6/8/2019,2019,2,Q2,6,June,8,7,Saturday
160,6/9/2019,2019,2,Q2,6,June,9,1,Sunday
161,6/10/2019,2019,2,Q2,6,June,10,2,Monday
162,6/11/2019,2019,2,Q2,6,June,11,3,Tuesday
163,6/12/2019,2019,2,Q2,6,June,12,4,Wednesday
164,6/13/2019,2019,2,Q2,6,June,13,5,Thursday
165,6/14/2019,2019,2,Q2,6,June,14,6,Friday
166,6/15/2019,2019,2,Q2,6,June,15,7,Saturday
167,6/16/2019,2019,2,Q2,6,June,16,1,Sunday
168,6/17/2019,2019,2,Q2,6,June,17,2,Monday
169,6/18/2019,2019,2,Q2,6,June,18,3,Tuesday
170,6/19/2019,2019,2,Q2,6,June,19,4,Wednesday
171,6/20/2019,2019,2,Q2,6,June,20,5,Thursday
172,6/21/2019,2019,2,Q2,6,June,21,6,Friday
173,6/22/2019,2019,2,Q2,6,June,22,7,Saturday
174,6/23/2019,2019,2,Q2,6,June,23,1,Sunday
175,6/24/2019,2019,2,Q2,6,June,24,2,Monday
176,6/25/2019,2019,2,Q2,6,June,25,3,Tuesday
177,6/26/2019,2019,2,Q2,6,June,26,4,Wednesday
178,6/27/2019,2019,2,Q2,6,June,27,5,Thursday
179,6/28/2019,2019,2,Q2,6,June,28,6,Friday
180,6/29/2019,2019,2,Q2,6,June,29,7,Saturday
181,6/30/2019,2019,3,Q3,6,June,30,1,Sunday
182,7/1/2019,2019,3,Q3,7,July,1,2,Monday
183,7/2/2019,2019,3,Q3,7,July,2,3,Tuesday
184,7/3/2019,2019,3,Q3,7,July,3,4,Wednesday
185,7/4/2019,2019,3,Q3,7,July,4,5,Thursday
186,7/5/2019,2019,3,Q3,7,July,5,6,Friday
187,7/6/2019,2019,3,Q3,7,July,6,7,Saturday
188,7/7/2019,2019,3,Q3,7,July,7,1,Sunday
189,7/8/2019,2019,3,Q3,7,July,8,2,Monday
190,7/9/2019,2019,3,Q3,7,July,9,3,Tuesday
191,7/10/2019,2019,3,Q3,7,July,10,4,Wednesday
192,7/11/2019,2019,3,Q3,7,July,11,5,Thursday
193,7/12/2019,2019,3,Q3,7,July,12,6,Friday
194,7/13/2019,2019,3,Q3,7,July,13,7,Saturday
195,7/14/2019,2019,3,Q3,7,July,14,1,Sunday
196,7/15/2019,2019,3,Q3,7,July,15,2,Monday
197,7/16/2019,2019,3,Q3,7,July,16,3,Tuesday
198,7/17/2019,2019,3,Q3,7,July,17,4,Wednesday
199,7/18/2019,2019,3,Q3,7,July,18,5,Thursday
200,7/19/2019,2019,3,Q3,7,July,19,6,Friday
201,7/20/2019,2019,3,Q3,7,July,20,7,Saturday
202,7/21/2019,2019,3,Q3,7,July,21,1,Sunday
203,7/22/2019,2019,3,Q3,7,July,22,2,Monday
204,7/23/2019,2019,3,Q3,7,July,23,3,Tuesday
205,7/24/2019,2019,3,Q3,7,July,24,4,Wednesday
206,7/25/2019,2019,3,Q3,7,July,25,5,Thursday
207,7/26/2019,2019,3,Q3,7,July,26,6,Friday
208,7/27/2019,2019,3,Q3,7,July,27,7,Saturday
209,7/28/2019,2019,3,Q3,7,July,28,1,Sunday
210,7/29/2019,2019,3,Q3,7,July,29,2,Monday
211,7/30/2019,2019,3,Q3,7,July,30,3,Tuesday
212,7/31/2019,2019,3,Q3,7,July,31,4,Wednesday
213,8/1/2019,2019,3,Q3,8,August,1,5,Thursday
214,8/2/2019,2019,3,Q3,8,August,2,6,Friday
215,8/3/2019,2019,3,Q3,8,August,3,7,Saturday
216,8/4/2019,2019,3,Q3,8,August,4,1,Sunday
217,8/5/2019,2019,3,Q3,8,August,5,2,Monday
218,8/6/2019,2019,3,Q3,8,August,6,3,Tuesday
219,8/7/2019,2019,3,Q3,8,August,7,4,Wednesday
220,8/8/2019,2019,3,Q3,8,August,8,5,Thursday
221,8/9/2019,2019,3,Q3,8,August,9,6,Friday
222,8/10/2019,2019,3,Q3,8,August,10,7,Saturday
223,8/11/2019,2019,3,Q3,8,August,11,1,Sunday
224,8/12/2019,2019,3,Q3,8,August,12,2,Monday
225,8/13/2019,2019,3,Q3,8,August,13,3,Tuesday
226,8/14/2019,2019,3,Q3,8,August,14,4,Wednesday
227,8/15/2019,2019,3,Q3,8,August,15,5,Thursday
228,8/16/2019,2019,3,Q3,8,August,16,6,Friday
229,8/17/2019,2019,3,Q3,8,August,17,7,Saturday
230,8/18/2019,2019,3,Q3,8,August,18,1,Sunday
231,8/19/2019,2019,3,Q3,8,August,19,2,Monday
232,8/20/2019,2019,3,Q3,8,August,20,3,Tuesday
233,8/21/2019,2019,3,Q3,8,August,21,4,Wednesday
234,8/22/2019,2019,3,Q3,8,August,22,5,Thursday
235,8/23/2019,2019,3,Q3,8,August,23,6,Friday
236,8/24/2019,2019,3,Q3,8,August,24,7,Saturday
237,8/25/2019,2019,3,Q3,8,August,25,1,Sunday
238,8/26/2019,2019,3,Q3,8,August,26,2,Monday
239,8/27/2019,2019,3,Q3,8,August,27,3,Tuesday
240,8/28/2019,2019,3,Q3,8,August,28,4,Wednesday
241,8/29/2019,2019,3,Q3,8,August,29,5,Thursday
242,8/30/2019,2019,3,Q3,8,August,30,6,Friday
243,8/31/2019,2019,3,Q3,8,August,31,7,Saturday
244,9/1/2019,2019,3,Q3,9,September,1,1,Sunday
245,9/2/2019,2019,3,Q3,9,September,2,2,Monday
246,9/3/2019,2019,3,Q3,9,September,3,3,Tuesday
247,9/4/2019,2019,3,Q3,9,September,4,4,Wednesday
248,9/5/2019,2019,3,Q3,9,September,5,5,Thursday
249,9/6/2019,2019,3,Q3,9,September,6,6,Friday
250,9/7/2019,2019,3,Q3,9,September,7,7,Saturday
251,9/8/2019,2019,3,Q3,9,September,8,1,Sunday
252,9/9/2019,2019,3,Q3,9,September,9,2,Monday
253,9/10/2019,2019,3,Q3,9,September,10,3,Tuesday
254,9/11/2019,2019,3,Q3,9,September,11,4,Wednesday
255,9/12/2019,2019,3,Q3,9,September,12,5,Thursday
256,9/13/2019,2019,3,Q3,9,September,13,6,Friday
257,9/14/2019,2019,3,Q3,9,September,14,7,Saturday
258,9/15/2019,2019,3,Q3,9,September,15,1,Sunday
259,9/16/2019,2019,3,Q3,9,September,16,2,Monday
260,9/17/2019,2019,3,Q3,9,September,17,3,Tuesday
261,9/18/2019,2019,3,Q3,9,September,18,4,Wednesday
262,9/19/2019,2019,3,Q3,9,September,19,5,Thursday
263,9/20/2019,2019,3,Q3,9,September,20,6,Friday
264,9/21/2019,2019,3,Q3,9,September,21,7,Saturday
265,9/22/2019,2019,3,Q3,9,September,22,1,Sunday
266,9/23/2019,2019,3,Q3,9,September,23,2,Monday
267,9/24/2019,2019,3,Q3,9,September,24,3,Tuesday
268,9/25/2019,2019,3,Q3,9,September,25,4,Wednesday
269,9/26/2019,2019,3,Q3,9,September,26,5,Thursday
270,9/27/2019,2019,3,Q3,9,September,27,6,Friday
271,9/28/2019,2019,3,Q3,9,September,28,7,Saturday
272,9/29/2019,2019,3,Q3,9,September,29,1,Sunday
273,9/30/2019,2019,4,Q4,9,September,30,2,Monday
274,10/1/2019,2019,4,Q4,10,October,1,3,Tuesday
275,10/2/2019,2019,4,Q4,10,October,2,4,Wednesday
276,10/3/2019,2019,4,Q4,10,October,3,5,Thursday
277,10/4/2019,2019,4,Q4,10,October,4,6,Friday
278,10/5/2019,2019,4,Q4,10,October,5,7,Saturday
279,10/6/2019,2019,4,Q4,10,October,6,1,Sunday
280,10/7/2019,2019,4,Q4,10,October,7,2,Monday
281,10/8/2019,2019,4,Q4,10,October,8,3,Tuesday
282,10/9/2019,2019,4,Q4,10,October,9,4,Wednesday
283,10/10/2019,2019,4,Q4,10,October,10,5,Thursday
284,10/11/2019,2019,4,Q4,10,October,11,6,Friday
285,10/12/2019,2019,4,Q4,10,October,12,7,Saturday
286,10/13/2019,2019,4,Q4,10,October,13,1,Sunday
287,10/14/2019,2019,4,Q4,10,October,14,2,Monday
288,10/15/2019,2019,4,Q4,10,October,15,3,Tuesday
289,10/16/2019,2019,4,Q4,10,October,16,4,Wednesday
290,10/17/2019,2019,4,Q4,10,October,17,5,Thursday
291,10/18/2019,2019,4,Q4,10,October,18,6,Friday
292,10/19/2019,2019,4,Q4,10,October,19,7,Saturday
293,10/20/2019,2019,4,Q4,10,October,20,1,Sunday
294,10/21/2019,2019,4,Q4,10,October,21,2,Monday
295,10/22/2019,2019,4,Q4,10,October,22,3,Tuesday
296,10/23/2019,2019,4,Q4,10,October,23,4,Wednesday
297,10/24/2019,2019,4,Q4,10,October,24,5,Thursday
298,10/25/2019,2019,4,Q4,10,October,25,6,Friday
299,10/26/2019,2019,4,Q4,10,October,26,7,Saturday
300,10/27/2019,2019,4,Q4,10,October,27,1,Sunday
301,10/28/2019,2019,4,Q4,10,October,28,2,Monday
302,10/29/2019,2019,4,Q4,10,October,29,3,Tuesday
303,10/30/2019,2019,4,Q4,10,October,30,4,Wednesday
304,10/31/2019,2019,4,Q4,10,October,31,5,Thursday
305,11/1/2019,2019,4,Q4,11,November,1,6,Friday
306,11/2/2019,2019,4,Q4,11,November,2,7,Saturday
307,11/3/2019,2019,4,Q4,11,November,3,1,Sunday
308,11/4/2019,2019,4,Q4,11,November,4,2,Monday
309,11/5/2019,2019,4,Q4,11,November,5,3,Tuesday
310,11/6/2019,2019,4,Q4,11,November,6,4,Wednesday
311,11/7/2019,2019,4,Q4,11,November,7,5,Thursday
312,11/8/2019,2019,4,Q4,11,November,8,6,Friday
313,11/9/2019,2019,4,Q4,11,November,9,7,Saturday
314,11/10/2019,2019,4,Q4,11,November,10,1,Sunday
315,11/11/2019,2019,4,Q4,11,November,11,2,Monday
316,11/12/2019,2019,4,Q4,11,November,12,3,Tuesday
317,11/13/2019,2019,4,Q4,11,November,13,4,Wednesday
318,11/14/2019,2019,4,Q4,11,November,14,5,Thursday
319,11/15/2019,2019,4,Q4,11,November,15,6,Friday
320,11/16/2019,2019,4,Q4,11,November,16,7,Saturday
321,11/17/2019,2019,4,Q4,11,November,17,1,Sunday
322,11/18/2019,2019,4,Q4,11,November,18,2,Monday
323,11/19/2019,2019,4,Q4,11,November,19,3,Tuesday
324,11/20/2019,2019,4,Q4,11,November,20,4,Wednesday
325,11/21/2019,2019,4,Q4,11,November,21,5,Thursday
326,11/22/2019,2019,4,Q4,11,November,22,6,Friday
327,11/23/2019,2019,4,Q4,11,November,23,7,Saturday
328,11/24/2019,2019,4,Q4,11,November,24,1,Sunday
329,11/25/2019,2019,4,Q4,11,November,25,2,Monday
330,11/26/2019,2019,4,Q4,11,November,26,3,Tuesday
331,11/27/2019,2019,4,Q4,11,November,27,4,Wednesday
332,11/28/2019,2019,4,Q4,11,November,28,5,Thursday
333,11/29/2019,2019,4,Q4,11,November,29,6,Friday
334,11/30/2019,2019,4,Q4,11,November,30,7,Saturday
335,12/1/2019,2019,4,Q4,12,December,1,1,Sunday
336,12/2/2019,2019,4,Q4,12,December,2,2,Monday
337,12/3/2019,2019,4,Q4,12,December,3,3,Tuesday
338,12/4/2019,2019,4,Q4,12,December,4,4,Wednesday
339,12/5/2019,2019,4,Q4,12,December,5,5,Thursday
340,12/6/2019,2019,4,Q4,12,December,6,6,Friday
341,12/7/2019,2019,4,Q4,12,December,7,7,Saturday
342,12/8/2019,2019,4,Q4,12,December,8,1,Sunday
343,12/9/2019,2019,4,Q4,12,December,9,2,Monday
344,12/10/2019,2019,4,Q4,12,December,10,3,Tuesday
345,12/11/2019,2019,4,Q4,12,December,11,4,Wednesday
346,12/12/2019,2019,4,Q4,12,December,12,5,Thursday
347,12/13/2019,2019,4,Q4,12,December,13,6,Friday
348,12/14/2019,2019,4,Q4,12,December,14,7,Saturday
349,12/15/2019,2019,4,Q4,12,December,15,1,Sunday
350,12/16/2019,2019,4,Q4,12,December,16,2,Monday
351,12/17/2019,2019,4,Q4,12,December,17,3,Tuesday
352,12/18/2019,2019,4,Q4,12,December,18,4,Wednesday
353,12/19/2019,2019,4,Q4,12,December,19,5,Thursday
354,12/20/2019,2019,4,Q4,12,December,20,6,Friday
355,12/21/2019,2019,4,Q4,12,December,21,7,Saturday
356,12/22/2019,2019,4,Q4,12,December,22,1,Sunday
357,12/23/2019,2019,4,Q4,12,December,23,2,Monday
358,12/24/2019,2019,4,Q4,12,December,24,3,Tuesday
359,12/25/2019,2019,4,Q4,12,December,25,4,Wednesday
360,12/26/2019,2019,4,Q4,12,December,26,5,Thursday
361,12/27/2019,2019,4,Q4,12,December,27,6,Friday
362,12/28/2019,2019,4,Q4,12,December,28,7,Saturday
363,12/29/2019,2019,4,Q4,12,December,29,1,Sunday
364,12/30/2019,2019,4,Q4,12,December,30,2,Monday
365,12/31/2019,2019,1,Q1,12,December,31,3,Tuesday
366,1/1/2020,2020,1,Q1,1,January,1,4,Wednesday
367,2/1/2020,2020,1,Q1,1,January,2,5,Thursday
368,3/1/2020,2020,1,Q1,1,January,3,6,Friday
369,4/1/2020,2020,1,Q1,1,January,4,7,Saturday
370,5/1/2020,2020,1,Q1,1,January,5,1,Sunday
371,6/1/2020,2020,1,Q1,1,January,6,2,Monday
372,7/1/2020,2020,1,Q1,1,January,7,3,Tuesday
373,8/1/2020,2020,1,Q1,1,January,8,4,Wednesday
374,9/1/2020,2020,1,Q1,1,January,9,5,Thursday
375,10/1/2020,2020,1,Q1,1,January,10,6,Friday
376,11/1/2020,2020,1,Q1,1,January,11,7,Saturday
377,12/1/2020,2020,1,Q1,1,January,12,1,Sunday
378,1/13/2020,2020,1,Q1,1,January,13,2,Monday
379,1/14/2020,2020,1,Q1,1,January,14,3,Tuesday
380,1/15/2020,2020,1,Q1,1,January,15,4,Wednesday
381,1/16/2020,2020,1,Q1,1,January,16,5,Thursday
382,1/17/2020,2020,1,Q1,1,January,17,6,Friday
383,1/18/2020,2020,1,Q1,1,January,18,7,Saturday
384,1/19/2020,2020,1,Q1,1,January,19,1,Sunday
385,1/20/2020,2020,1,Q1,1,January,20,2,Monday
386,1/21/2020,2020,1,Q1,1,January,21,3,Tuesday
387,1/22/2020,2020,1,Q1,1,January,22,4,Wednesday
388,1/23/2020,2020,1,Q1,1,January,23,5,Thursday
389,1/24/2020,2020,1,Q1,1,January,24,6,Friday
390,1/25/2020,2020,1,Q1,1,January,25,7,Saturday
391,1/26/2020,2020,1,Q1,1,January,26,1,Sunday
392,1/27/2020,2020,1,Q1,1,January,27,2,Monday
393,1/28/2020,2020,1,Q1,1,January,28,3,Tuesday
394,1/29/2020,2020,1,Q1,1,January,29,4,Wednesday
395,1/30/2020,2020,1,Q1,1,January,30,5,Thursday
396,1/31/2020,2020,1,Q1,1,January,31,6,Friday
397,1/2/2020,2020,1,Q1,2,February,1,7,Saturday
398,2/2/2020,2020,1,Q1,2,February,2,1,Sunday
399,3/2/2020,2020,1,Q1,2,February,3,2,Monday
400,4/2/2020,2020,1,Q1,2,February,4,3,Tuesday
401,5/2/2020,2020,1,Q1,2,February,5,4,Wednesday
402,6/2/2020,2020,1,Q1,2,February,6,5,Thursday
403,7/2/2020,2020,1,Q1,2,February,7,6,Friday
404,8/2/2020,2020,1,Q1,2,February,8,7,Saturday
405,9/2/2020,2020,1,Q1,2,February,9,1,Sunday
406,10/2/2020,2020,1,Q1,2,February,10,2,Monday
407,11/2/2020,2020,1,Q1,2,February,11,3,Tuesday
408,12/2/2020,2020,1,Q1,2,February,12,4,Wednesday
409,2/13/2020,2020,1,Q1,2,February,13,5,Thursday
410,2/14/2020,2020,1,Q1,2,February,14,6,Friday
411,2/15/2020,2020,1,Q1,2,February,15,7,Saturday
412,2/16/2020,2020,1,Q1,2,February,16,1,Sunday
413,2/17/2020,2020,1,Q1,2,February,17,2,Monday
414,2/18/2020,2020,1,Q1,2,February,18,3,Tuesday
415,2/19/2020,2020,1,Q1,2,February,19,4,Wednesday
416,2/20/2020,2020,1,Q1,2,February,20,5,Thursday
417,2/21/2020,2020,1,Q1,2,February,21,6,Friday
418,2/22/2020,2020,1,Q1,2,February,22,7,Saturday
419,2/23/2020,2020,1,Q1,2,February,23,1,Sunday
420,2/24/2020,2020,1,Q1,2,February,24,2,Monday
421,2/25/2020,2020,1,Q1,2,February,25,3,Tuesday
422,2/26/2020,2020,1,Q1,2,February,26,4,Wednesday
423,2/27/2020,2020,1,Q1,2,February,27,5,Thursday
424,2/28/2020,2020,1,Q1,2,February,28,6,Friday
425,2/29/2020,2020,1,Q1,2,February,29,7,Saturday
426,1/3/2020,2020,1,Q1,3,March,1,1,Sunday
427,2/3/2020,2020,1,Q1,3,March,2,2,Monday
428,3/3/2020,2020,1,Q1,3,March,3,3,Tuesday
429,4/3/2020,2020,1,Q1,3,March,4,4,Wednesday
430,5/3/2020,2020,1,Q1,3,March,5,5,Thursday
431,6/3/2020,2020,1,Q1,3,March,6,6,Friday
432,7/3/2020,2020,1,Q1,3,March,7,7,Saturday
433,8/3/2020,2020,1,Q1,3,March,8,1,Sunday
434,9/3/2020,2020,1,Q1,3,March,9,2,Monday
435,10/3/2020,2020,1,Q1,3,March,10,3,Tuesday
436,11/3/2020,2020,1,Q1,3,March,11,4,Wednesday
437,12/3/2020,2020,1,Q1,3,March,12,5,Thursday
438,3/13/2020,2020,1,Q1,3,March,13,6,Friday
439,3/14/2020,2020,1,Q1,3,March,14,7,Saturday
440,3/15/2020,2020,1,Q1,3,March,15,1,Sunday
441,3/16/2020,2020,1,Q1,3,March,16,2,Monday
442,3/17/2020,2020,1,Q1,3,March,17,3,Tuesday
443,3/18/2020,2020,1,Q1,3,March,18,4,Wednesday
444,3/19/2020,2020,1,Q1,3,March,19,5,Thursday
445,3/20/2020,2020,1,Q1,3,March,20,6,Friday
446,3/21/2020,2020,1,Q1,3,March,21,7,Saturday
447,3/22/2020,2020,1,Q1,3,March,22,1,Sunday
448,3/23/2020,2020,1,Q1,3,March,23,2,Monday
449,3/24/2020,2020,1,Q1,3,March,24,3,Tuesday
450,3/25/2020,2020,1,Q1,3,March,25,4,Wednesday
451,3/26/2020,2020,1,Q1,3,March,26,5,Thursday
452,3/27/2020,2020,1,Q1,3,March,27,6,Friday
453,3/28/2020,2020,1,Q1,3,March,28,7,Saturday
454,3/29/2020,2020,1,Q1,3,March,29,1,Sunday
455,3/30/2020,2020,1,Q1,3,March,30,2,Monday
456,3/31/2020,2020,2,Q2,3,March,31,3,Tuesday
457,1/4/2020,2020,2,Q2,4,April,1,4,Wednesday
458,2/4/2020,2020,2,Q2,4,April,2,5,Thursday
459,3/4/2020,2020,2,Q2,4,April,3,6,Friday
460,4/4/2020,2020,2,Q2,4,April,4,7,Saturday
461,5/4/2020,2020,2,Q2,4,April,5,1,Sunday
462,6/4/2020,2020,2,Q2,4,April,6,2,Monday
463,7/4/2020,2020,2,Q2,4,April,7,3,Tuesday
464,8/4/2020,2020,2,Q2,4,April,8,4,Wednesday
465,9/4/2020,2020,2,Q2,4,April,9,5,Thursday
466,10/4/2020,2020,2,Q2,4,April,10,6,Friday
467,11/4/2020,2020,2,Q2,4,April,11,7,Saturday
468,12/4/2020,2020,2,Q2,4,April,12,1,Sunday
469,4/13/2020,2020,2,Q2,4,April,13,2,Monday
470,4/14/2020,2020,2,Q2,4,April,14,3,Tuesday
471,4/15/2020,2020,2,Q2,4,April,15,4,Wednesday
472,4/16/2020,2020,2,Q2,4,April,16,5,Thursday
473,4/17/2020,2020,2,Q2,4,April,17,6,Friday
474,4/18/2020,2020,2,Q2,4,April,18,7,Saturday
475,4/19/2020,2020,2,Q2,4,April,19,1,Sunday
476,4/20/2020,2020,2,Q2,4,April,20,2,Monday
477,4/21/2020,2020,2,Q2,4,April,21,3,Tuesday
478,4/22/2020,2020,2,Q2,4,April,22,4,Wednesday
479,4/23/2020,2020,2,Q2,4,April,23,5,Thursday
480,4/24/2020,2020,2,Q2,4,April,24,6,Friday
481,4/25/2020,2020,2,Q2,4,April,25,7,Saturday
482,4/26/2020,2020,2,Q2,4,April,26,1,Sunday
483,4/27/2020,2020,2,Q2,4,April,27,2,Monday
484,4/28/2020,2020,2,Q2,4,April,28,3,Tuesday
485,4/29/2020,2020,2,Q2,4,April,29,4,Wednesday
486,4/30/2020,2020,2,Q2,4,April,30,5,Thursday
487,1/5/2020,2020,2,Q2,5,May,1,6,Friday
488,2/5/2020,2020,2,Q2,5,May,2,7,Saturday
489,3/5/2020,2020,2,Q2,5,May,3,1,Sunday
490,4/5/2020,2020,2,Q2,5,May,4,2,Monday
491,5/5/2020,2020,2,Q2,5,May,5,3,Tuesday
492,6/5/2020,2020,2,Q2,5,May,6,4,Wednesday
493,7/5/2020,2020,2,Q2,5,May,7,5,Thursday
494,8/5/2020,2020,2,Q2,5,May,8,6,Friday
495,9/5/2020,2020,2,Q2,5,May,9,7,Saturday
496,10/5/2020,2020,2,Q2,5,May,10,1,Sunday
497,11/5/2020,2020,2,Q2,5,May,11,2,Monday
498,12/5/2020,2020,2,Q2,5,May,12,3,Tuesday
499,5/13/2020,2020,2,Q2,5,May,13,4,Wednesday
500,5/14/2020,2020,2,Q2,5,May,14,5,Thursday
501,5/15/2020,2020,2,Q2,5,May,15,6,Friday
502,5/16/2020,2020,2,Q2,5,May,16,7,Saturday
503,5/17/2020,2020,2,Q2,5,May,17,1,Sunday
504,5/18/2020,2020,2,Q2,5,May,18,2,Monday
505,5/19/2020,2020,2,Q2,5,May,19,3,Tuesday
506,5/20/2020,2020,2,Q2,5,May,20,4,Wednesday
507,5/21/2020,2020,2,Q2,5,May,21,5,Thursday
508,5/22/2020,2020,2,Q2,5,May,22,6,Friday
509,5/23/2020,2020,2,Q2,5,May,23,7,Saturday
510,5/24/2020,2020,2,Q2,5,May,24,1,Sunday
511,5/25/2020,2020,2,Q2,5,May,25,2,Monday
512,5/26/2020,2020,2,Q2,5,May,26,3,Tuesday
513,5/27/2020,2020,2,Q2,5,May,27,4,Wednesday
514,5/28/2020,2020,2,Q2,5,May,28,5,Thursday
515,5/29/2020,2020,2,Q2,5,May,29,6,Friday
516,5/30/2020,2020,2,Q2,5,May,30,7,Saturday
517,5/31/2020,2020,2,Q2,5,May,31,1,Sunday
518,1/6/2020,2020,2,Q2,6,June,1,2,Monday
519,2/6/2020,2020,2,Q2,6,June,2,3,Tuesday
520,3/6/2020,2020,2,Q2,6,June,3,4,Wednesday
521,4/6/2020,2020,2,Q2,6,June,4,5,Thursday
522,5/6/2020,2020,2,Q2,6,June,5,6,Friday
523,6/6/2020,2020,2,Q2,6,June,6,7,Saturday
524,7/6/2020,2020,2,Q2,6,June,7,1,Sunday
525,8/6/2020,2020,2,Q2,6,June,8,2,Monday
526,9/6/2020,2020,2,Q2,6,June,9,3,Tuesday
527,10/6/2020,2020,2,Q2,6,June,10,4,Wednesday
528,11/6/2020,2020,2,Q2,6,June,11,5,Thursday
529,12/6/2020,2020,2,Q2,6,June,12,6,Friday
530,6/13/2020,2020,2,Q2,6,June,13,7,Saturday
531,6/14/2020,2020,2,Q2,6,June,14,1,Sunday
532,6/15/2020,2020,2,Q2,6,June,15,2,Monday
533,6/16/2020,2020,2,Q2,6,June,16,3,Tuesday
534,6/17/2020,2020,2,Q2,6,June,17,4,Wednesday
535,6/18/2020,2020,2,Q2,6,June,18,5,Thursday
536,6/19/2020,2020,2,Q2,6,June,19,6,Friday
537,6/20/2020,2020,2,Q2,6,June,20,7,Saturday
538,6/21/2020,2020,2,Q2,6,June,21,1,Sunday
539,6/22/2020,2020,2,Q2,6,June,22,2,Monday
540,6/23/2020,2020,2,Q2,6,June,23,3,Tuesday
541,6/24/2020,2020,2,Q2,6,June,24,4,Wednesday
542,6/25/2020,2020,2,Q2,6,June,25,5,Thursday
543,6/26/2020,2020,2,Q2,6,June,26,6,Friday
544,6/27/2020,2020,2,Q2,6,June,27,7,Saturday
545,6/28/2020,2020,2,Q2,6,June,28,1,Sunday
546,6/29/2020,2020,2,Q2,6,June,29,2,Monday
547,6/30/2020,2020,3,Q3,6,June,30,3,Tuesday
548,1/7/2020,2020,3,Q3,7,July,1,4,Wednesday
549,2/7/2020,2020,3,Q3,7,July,2,5,Thursday
550,3/7/2020,2020,3,Q3,7,July,3,6,Friday
551,4/7/2020,2020,3,Q3,7,July,4,7,Saturday
552,5/7/2020,2020,3,Q3,7,July,5,1,Sunday
553,6/7/2020,2020,3,Q3,7,July,6,2,Monday
554,7/7/2020,2020,3,Q3,7,July,7,3,Tuesday
555,8/7/2020,2020,3,Q3,7,July,8,4,Wednesday
556,9/7/2020,2020,3,Q3,7,July,9,5,Thursday
557,10/7/2020,2020,3,Q3,7,July,10,6,Friday
558,11/7/2020,2020,3,Q3,7,July,11,7,Saturday
559,12/7/2020,2020,3,Q3,7,July,12,1,Sunday
560,7/13/2020,2020,3,Q3,7,July,13,2,Monday
561,7/14/2020,2020,3,Q3,7,July,14,3,Tuesday
562,7/15/2020,2020,3,Q3,7,July,15,4,Wednesday
563,7/16/2020,2020,3,Q3,7,July,16,5,Thursday
564,7/17/2020,2020,3,Q3,7,July,17,6,Friday
565,7/18/2020,2020,3,Q3,7,July,18,7,Saturday
566,7/19/2020,2020,3,Q3,7,July,19,1,Sunday
567,7/20/2020,2020,3,Q3,7,July,20,2,Monday
568,7/21/2020,2020,3,Q3,7,July,21,3,Tuesday
569,7/22/2020,2020,3,Q3,7,July,22,4,Wednesday
570,7/23/2020,2020,3,Q3,7,July,23,5,Thursday
571,7/24/2020,2020,3,Q3,7,July,24,6,Friday
572,7/25/2020,2020,3,Q3,7,July,25,7,Saturday
573,7/26/2020,2020,3,Q3,7,July,26,1,Sunday
574,7/27/2020,2020,3,Q3,7,July,27,2,Monday
575,7/28/2020,2020,3,Q3,7,July,28,3,Tuesday
576,7/29/2020,2020,3,Q3,7,July,29,4,Wednesday
577,7/30/2020,2020,3,Q3,7,July,30,5,Thursday
578,7/31/2020,2020,3,Q3,7,July,31,6,Friday
579,1/8/2020,2020,3,Q3,8,August,1,7,Saturday
580,2/8/2020,2020,3,Q3,8,August,2,1,Sunday
581,3/8/2020,2020,3,Q3,8,August,3,2,Monday
582,4/8/2020,2020,3,Q3,8,August,4,3,Tuesday
583,5/8/2020,2020,3,Q3,8,August,5,4,Wednesday
584,6/8/2020,2020,3,Q3,8,August,6,5,Thursday
585,7/8/2020,2020,3,Q3,8,August,7,6,Friday
586,8/8/2020,2020,3,Q3,8,August,8,7,Saturday
587,9/8/2020,2020,3,Q3,8,August,9,1,Sunday
588,10/8/2020,2020,3,Q3,8,August,10,2,Monday
589,11/8/2020,2020,3,Q3,8,August,11,3,Tuesday
590,12/8/2020,2020,3,Q3,8,August,12,4,Wednesday
591,8/13/2020,2020,3,Q3,8,August,13,5,Thursday
592,8/14/2020,2020,3,Q3,8,August,14,6,Friday
593,8/15/2020,2020,3,Q3,8,August,15,7,Saturday
594,8/16/2020,2020,3,Q3,8,August,16,1,Sunday
595,8/17/2020,2020,3,Q3,8,August,17,2,Monday
596,8/18/2020,2020,3,Q3,8,August,18,3,Tuesday
597,8/19/2020,2020,3,Q3,8,August,19,4,Wednesday
598,8/20/2020,2020,3,Q3,8,August,20,5,Thursday
599,8/21/2020,2020,3,Q3,8,August,21,6,Friday
600,8/22/2020,2020,3,Q3,8,August,22,7,Saturday
601,8/23/2020,2020,3,Q3,8,August,23,1,Sunday
602,8/24/2020,2020,3,Q3,8,August,24,2,Monday
603,8/25/2020,2020,3,Q3,8,August,25,3,Tuesday
604,8/26/2020,2020,3,Q3,8,August,26,4,Wednesday
605,8/27/2020,2020,3,Q3,8,August,27,5,Thursday
606,8/28/2020,2020,3,Q3,8,August,28,6,Friday
607,8/29/2020,2020,3,Q3,8,August,29,7,Saturday
608,8/30/2020,2020,3,Q3,8,August,30,1,Sunday
609,8/31/2020,2020,3,Q3,8,August,31,2,Monday
610,1/9/2020,2020,3,Q3,9,September,1,3,Tuesday
611,2/9/2020,2020,3,Q3,9,September,2,4,Wednesday
612,3/9/2020,2020,3,Q3,9,September,3,5,Thursday
613,4/9/2020,2020,3,Q3,9,September,4,6,Friday
614,5/9/2020,2020,3,Q3,9,September,5,7,Saturday
615,6/9/2020,2020,3,Q3,9,September,6,1,Sunday
616,7/9/2020,2020,3,Q3,9,September,7,2,Monday
617,8/9/2020,2020,3,Q3,9,September,8,3,Tuesday
618,9/9/2020,2020,3,Q3,9,September,9,4,Wednesday
619,10/9/2020,2020,3,Q3,9,September,10,5,Thursday
620,11/9/2020,2020,3,Q3,9,September,11,6,Friday
621,12/9/2020,2020,3,Q3,9,September,12,7,Saturday
622,9/13/2020,2020,3,Q3,9,September,13,1,Sunday
623,9/14/2020,2020,3,Q3,9,September,14,2,Monday
624,9/15/2020,2020,3,Q3,9,September,15,3,Tuesday
625,9/16/2020,2020,3,Q3,9,September,16,4,Wednesday
626,9/17/2020,2020,3,Q3,9,September,17,5,Thursday
627,9/18/2020,2020,3,Q3,9,September,18,6,Friday
628,9/19/2020,2020,3,Q3,9,September,19,7,Saturday
629,9/20/2020,2020,3,Q3,9,September,20,1,Sunday
630,9/21/2020,2020,3,Q3,9,September,21,2,Monday
631,9/22/2020,2020,3,Q3,9,September,22,3,Tuesday
632,9/23/2020,2020,3,Q3,9,September,23,4,Wednesday
633,9/24/2020,2020,3,Q3,9,September,24,5,Thursday
634,9/25/2020,2020,3,Q3,9,September,25,6,Friday
635,9/26/2020,2020,3,Q3,9,September,26,7,Saturday
636,9/27/2020,2020,3,Q3,9,September,27,1,Sunday
637,9/28/2020,2020,3,Q3,9,September,28,2,Monday
638,9/29/2020,2020,3,Q3,9,September,29,3,Tuesday
639,9/30/2020,2020,4,Q4,9,September,30,4,Wednesday
640,1/10/2020,2020,4,Q4,10,October,1,5,Thursday
641,2/10/2020,2020,4,Q4,10,October,2,6,Friday
642,3/10/2020,2020,4,Q4,10,October,3,7,Saturday
643,4/10/2020,2020,4,Q4,10,October,4,1,Sunday
644,5/10/2020,2020,4,Q4,10,October,5,2,Monday
645,6/10/2020,2020,4,Q4,10,October,6,3,Tuesday
646,7/10/2020,2020,4,Q4,10,October,7,4,Wednesday
647,8/10/2020,2020,4,Q4,10,October,8,5,Thursday
648,9/10/2020,2020,4,Q4,10,October,9,6,Friday
649,10/10/2020,2020,4,Q4,10,October,10,7,Saturday
650,11/10/2020,2020,4,Q4,10,October,11,1,Sunday
651,12/10/2020,2020,4,Q4,10,October,12,2,Monday
652,10/13/2020,2020,4,Q4,10,October,13,3,Tuesday
653,10/14/2020,2020,4,Q4,10,October,14,4,Wednesday
654,10/15/2020,2020,4,Q4,10,October,15,5,Thursday
655,10/16/2020,2020,4,Q4,10,October,16,6,Friday
656,10/17/2020,2020,4,Q4,10,October,17,7,Saturday
657,10/18/2020,2020,4,Q4,10,October,18,1,Sunday
658,10/19/2020,2020,4,Q4,10,October,19,2,Monday
659,10/20/2020,2020,4,Q4,10,October,20,3,Tuesday
660,10/21/2020,2020,4,Q4,10,October,21,4,Wednesday
661,10/22/2020,2020,4,Q4,10,October,22,5,Thursday
662,10/23/2020,2020,4,Q4,10,October,23,6,Friday
663,10/24/2020,2020,4,Q4,10,October,24,7,Saturday
664,10/25/2020,2020,4,Q4,10,October,25,1,Sunday
665,10/26/2020,2020,4,Q4,10,October,26,2,Monday
666,10/27/2020,2020,4,Q4,10,October,27,3,Tuesday
667,10/28/2020,2020,4,Q4,10,October,28,4,Wednesday
668,10/29/2020,2020,4,Q4,10,October,29,5,Thursday
669,10/30/2020,2020,4,Q4,10,October,30,6,Friday
670,10/31/2020,2020,4,Q4,10,October,31,7,Saturday
671,1/11/2020,2020,4,Q4,11,November,1,1,Sunday
672,2/11/2020,2020,4,Q4,11,November,2,2,Monday
673,3/11/2020,2020,4,Q4,11,November,3,3,Tuesday
674,4/11/2020,2020,4,Q4,11,November,4,4,Wednesday
675,5/11/2020,2020,4,Q4,11,November,5,5,Thursday
676,6/11/2020,2020,4,Q4,11,November,6,6,Friday
677,7/11/2020,2020,4,Q4,11,November,7,7,Saturday
678,8/11/2020,2020,4,Q4,11,November,8,1,Sunday
679,9/11/2020,2020,4,Q4,11,November,9,2,Monday
680,10/11/2020,2020,4,Q4,11,November,10,3,Tuesday
681,11/11/2020,2020,4,Q4,11,November,11,4,Wednesday
682,12/11/2020,2020,4,Q4,11,November,12,5,Thursday
683,11/13/2020,2020,4,Q4,11,November,13,6,Friday
684,11/14/2020,2020,4,Q4,11,November,14,7,Saturday
685,11/15/2020,2020,4,Q4,11,November,15,1,Sunday
686,11/16/2020,2020,4,Q4,11,November,16,2,Monday
687,11/17/2020,2020,4,Q4,11,November,17,3,Tuesday
688,11/18/2020,2020,4,Q4,11,November,18,4,Wednesday
689,11/19/2020,2020,4,Q4,11,November,19,5,Thursday
690,11/20/2020,2020,4,Q4,11,November,20,6,Friday
691,11/21/2020,2020,4,Q4,11,November,21,7,Saturday
692,11/22/2020,2020,4,Q4,11,November,22,1,Sunday
693,11/23/2020,2020,4,Q4,11,November,23,2,Monday
694,11/24/2020,2020,4,Q4,11,November,24,3,Tuesday
695,11/25/2020,2020,4,Q4,11,November,25,4,Wednesday
696,11/26/2020,2020,4,Q4,11,November,26,5,Thursday
697,11/27/2020,2020,4,Q4,11,November,27,6,Friday
698,11/28/2020,2020,4,Q4,11,November,28,7,Saturday
699,11/29/2020,2020,4,Q4,11,November,29,1,Sunday
700,11/30/2020,2020,4,Q4,11,November,30,2,Monday
701,1/12/2020,2020,4,Q4,12,December,1,3,Tuesday
702,2/12/2020,2020,4,Q4,12,December,2,4,Wednesday
703,3/12/2020,2020,4,Q4,12,December,3,5,Thursday
704,4/12/2020,2020,4,Q4,12,December,4,6,Friday
705,5/12/2020,2020,4,Q4,12,December,5,7,Saturday
706,6/12/2020,2020,4,Q4,12,December,6,1,Sunday
707,7/12/2020,2020,4,Q4,12,December,7,2,Monday
708,8/12/2020,2020,4,Q4,12,December,8,3,Tuesday
709,9/12/2020,2020,4,Q4,12,December,9,4,Wednesday
710,10/12/2020,2020,4,Q4,12,December,10,5,Thursday
711,11/12/2020,2020,4,Q4,12,December,11,6,Friday
712,12/12/2020,2020,4,Q4,12,December,12,7,Saturday
713,12/13/2020,2020,4,Q4,12,December,13,1,Sunday
714,12/14/2020,2020,4,Q4,12,December,14,2,Monday
715,12/15/2020,2020,4,Q4,12,December,15,3,Tuesday
716,12/16/2020,2020,4,Q4,12,December,16,4,Wednesday
717,12/17/2020,2020,4,Q4,12,December,17,5,Thursday
718,12/18/2020,2020,4,Q4,12,December,18,6,Friday
719,12/19/2020,2020,4,Q4,12,December,19,7,Saturday
720,12/20/2020,2020,4,Q4,12,December,20,1,Sunday
721,12/21/2020,2020,4,Q4,12,December,21,2,Monday
722,12/22/2020,2020,4,Q4,12,December,22,3,Tuesday
723,12/23/2020,2020,4,Q4,12,December,23,4,Wednesday
724,12/24/2020,2020,4,Q4,12,December,24,5,Thursday
725,12/25/2020,2020,4,Q4,12,December,25,6,Friday
726,12/26/2020,2020,4,Q4,12,December,26,7,Saturday
727,12/27/2020,2020,4,Q4,12,December,27,1,Sunday
728,12/28/2020,2020,4,Q4,12,December,28,2,Monday
729,12/29/2020,2020,4,Q4,12,December,29,3,Tuesday
730,12/30/2020,2020,4,Q4,12,December,30,4,Wednesday
731,12/31/2020,2020,1,Q1,12,December,31,5,Thursday
732,1/1/2021,2021,1,Q1,1,January,1,6,Friday
733,2/1/2021,2021,1,Q1,1,January,2,7,Saturday
734,3/1/2021,2021,1,Q1,1,January,3,1,Sunday
735,4/1/2021,2021,1,Q1,1,January,4,2,Monday
736,5/1/2021,2021,1,Q1,1,January,5,3,Tuesday
737,6/1/2021,2021,1,Q1,1,January,6,4,Wednesday
738,7/1/2021,2021,1,Q1,1,January,7,5,Thursday
739,8/1/2021,2021,1,Q1,1,January,8,6,Friday
740,9/1/2021,2021,1,Q1,1,January,9,7,Saturday
741,10/1/2021,2021,1,Q1,1,January,10,1,Sunday
742,11/1/2021,2021,1,Q1,1,January,11,2,Monday
743,12/1/2021,2021,1,Q1,1,January,12,3,Tuesday
744,1/13/2021,2021,1,Q1,1,January,13,4,Wednesday
745,1/14/2021,2021,1,Q1,1,January,14,5,Thursday
746,1/15/2021,2021,1,Q1,1,January,15,6,Friday
747,1/16/2021,2021,1,Q1,1,January,16,7,Saturday
748,1/17/2021,2021,1,Q1,1,January,17,1,Sunday
749,1/18/2021,2021,1,Q1,1,January,18,2,Monday
750,1/19/2021,2021,1,Q1,1,January,19,3,Tuesday
751,1/20/2021,2021,1,Q1,1,January,20,4,Wednesday
752,1/21/2021,2021,1,Q1,1,January,21,5,Thursday
753,1/22/2021,2021,1,Q1,1,January,22,6,Friday
754,1/23/2021,2021,1,Q1,1,January,23,7,Saturday
755,1/24/2021,2021,1,Q1,1,January,24,1,Sunday
756,1/25/2021,2021,1,Q1,1,January,25,2,Monday
757,1/26/2021,2021,1,Q1,1,January,26,3,Tuesday
758,1/27/2021,2021,1,Q1,1,January,27,4,Wednesday
759,1/28/2021,2021,1,Q1,1,January,28,5,Thursday
760,1/29/2021,2021,1,Q1,1,January,29,6,Friday
761,1/30/2021,2021,1,Q1,1,January,30,7,Saturday
762,1/31/2021,2021,1,Q1,1,January,31,1,Sunday
763,1/2/2021,2021,1,Q1,2,February,1,2,Monday
764,2/2/2021,2021,1,Q1,2,February,2,3,Tuesday
765,3/2/2021,2021,1,Q1,2,February,3,4,Wednesday
766,4/2/2021,2021,1,Q1,2,February,4,5,Thursday
767,5/2/2021,2021,1,Q1,2,February,5,6,Friday
768,6/2/2021,2021,1,Q1,2,February,6,7,Saturday
769,7/2/2021,2021,1,Q1,2,February,7,1,Sunday
770,8/2/2021,2021,1,Q1,2,February,8,2,Monday
771,9/2/2021,2021,1,Q1,2,February,9,3,Tuesday
772,10/2/2021,2021,1,Q1,2,February,10,4,Wednesday
773,11/2/2021,2021,1,Q1,2,February,11,5,Thursday
774,12/2/2021,2021,1,Q1,2,February,12,6,Friday
775,2/13/2021,2021,1,Q1,2,February,13,7,Saturday
776,2/14/2021,2021,1,Q1,2,February,14,1,Sunday
777,2/15/2021,2021,1,Q1,2,February,15,2,Monday
778,2/16/2021,2021,1,Q1,2,February,16,3,Tuesday
779,2/17/2021,2021,1,Q1,2,February,17,4,Wednesday
780,2/18/2021,2021,1,Q1,2,February,18,5,Thursday
781,2/19/2021,2021,1,Q1,2,February,19,6,Friday
782,2/20/2021,2021,1,Q1,2,February,20,7,Saturday
783,2/21/2021,2021,1,Q1,2,February,21,1,Sunday
784,2/22/2021,2021,1,Q1,2,February,22,2,Monday
785,2/23/2021,2021,1,Q1,2,February,23,3,Tuesday
786,2/24/2021,2021,1,Q1,2,February,24,4,Wednesday
787,2/25/2021,2021,1,Q1,2,February,25,5,Thursday
788,2/26/2021,2021,1,Q1,2,February,26,6,Friday
789,2/27/2021,2021,1,Q1,2,February,27,7,Saturday
790,2/28/2021,2021,1,Q1,2,February,28,1,Sunday
791,1/3/2021,2021,1,Q1,3,March,1,2,Monday
792,2/3/2021,2021,1,Q1,3,March,2,3,Tuesday
793,3/3/2021,2021,1,Q1,3,March,3,4,Wednesday
794,4/3/2021,2021,1,Q1,3,March,4,5,Thursday
795,5/3/2021,2021,1,Q1,3,March,5,6,Friday
796,6/3/2021,2021,1,Q1,3,March,6,7,Saturday
797,7/3/2021,2021,1,Q1,3,March,7,1,Sunday
798,8/3/2021,2021,1,Q1,3,March,8,2,Monday
799,9/3/2021,2021,1,Q1,3,March,9,3,Tuesday
800,10/3/2021,2021,1,Q1,3,March,10,4,Wednesday
801,11/3/2021,2021,1,Q1,3,March,11,5,Thursday
802,12/3/2021,2021,1,Q1,3,March,12,6,Friday
803,3/13/2021,2021,1,Q1,3,March,13,7,Saturday
804,3/14/2021,2021,1,Q1,3,March,14,1,Sunday
805,3/15/2021,2021,1,Q1,3,March,15,2,Monday
806,3/16/2021,2021,1,Q1,3,March,16,3,Tuesday
807,3/17/2021,2021,1,Q1,3,March,17,4,Wednesday
808,3/18/2021,2021,1,Q1,3,March,18,5,Thursday
809,3/19/2021,2021,1,Q1,3,March,19,6,Friday
810,3/20/2021,2021,1,Q1,3,March,20,7,Saturday
811,3/21/2021,2021,1,Q1,3,March,21,1,Sunday
812,3/22/2021,2021,1,Q1,3,March,22,2,Monday
813,3/23/2021,2021,1,Q1,3,March,23,3,Tuesday
814,3/24/2021,2021,1,Q1,3,March,24,4,Wednesday
815,3/25/2021,2021,1,Q1,3,March,25,5,Thursday
816,3/26/2021,2021,1,Q1,3,March,26,6,Friday
817,3/27/2021,2021,1,Q1,3,March,27,7,Saturday
818,3/28/2021,2021,1,Q1,3,March,28,1,Sunday
819,3/29/2021,2021,1,Q1,3,March,29,2,Monday
820,3/30/2021,2021,1,Q1,3,March,30,3,Tuesday
821,3/31/2021,2021,2,Q2,3,March,31,4,Wednesday
822,1/4/2021,2021,2,Q2,4,April,1,5,Thursday
823,2/4/2021,2021,2,Q2,4,April,2,6,Friday
824,3/4/2021,2021,2,Q2,4,April,3,7,Saturday
825,4/4/2021,2021,2,Q2,4,April,4,1,Sunday
826,5/4/2021,2021,2,Q2,4,April,5,2,Monday
827,6/4/2021,2021,2,Q2,4,April,6,3,Tuesday
828,7/4/2021,2021,2,Q2,4,April,7,4,Wednesday
829,8/4/2021,2021,2,Q2,4,April,8,5,Thursday
830,9/4/2021,2021,2,Q2,4,April,9,6,Friday
831,10/4/2021,2021,2,Q2,4,April,10,7,Saturday
832,11/4/2021,2021,2,Q2,4,April,11,1,Sunday
833,12/4/2021,2021,2,Q2,4,April,12,2,Monday
834,4/13/2021,2021,2,Q2,4,April,13,3,Tuesday
835,4/14/2021,2021,2,Q2,4,April,14,4,Wednesday
836,4/15/2021,2021,2,Q2,4,April,15,5,Thursday
837,4/16/2021,2021,2,Q2,4,April,16,6,Friday
838,4/17/2021,2021,2,Q2,4,April,17,7,Saturday
839,4/18/2021,2021,2,Q2,4,April,18,1,Sunday
840,4/19/2021,2021,2,Q2,4,April,19,2,Monday
841,4/20/2021,2021,2,Q2,4,April,20,3,Tuesday
842,4/21/2021,2021,2,Q2,4,April,21,4,Wednesday
843,4/22/2021,2021,2,Q2,4,April,22,5,Thursday
844,4/23/2021,2021,2,Q2,4,April,23,6,Friday
845,4/24/2021,2021,2,Q2,4,April,24,7,Saturday
846,4/25/2021,2021,2,Q2,4,April,25,1,Sunday
847,4/26/2021,2021,2,Q2,4,April,26,2,Monday
848,4/27/2021,2021,2,Q2,4,April,27,3,Tuesday
849,4/28/2021,2021,2,Q2,4,April,28,4,Wednesday
850,4/29/2021,2021,2,Q2,4,April,29,5,Thursday
851,4/30/2021,2021,2,Q2,4,April,30,6,Friday
852,1/5/2021,2021,2,Q2,5,May,1,7,Saturday
853,2/5/2021,2021,2,Q2,5,May,2,1,Sunday
854,3/5/2021,2021,2,Q2,5,May,3,2,Monday
855,4/5/2021,2021,2,Q2,5,May,4,3,Tuesday
856,5/5/2021,2021,2,Q2,5,May,5,4,Wednesday
857,6/5/2021,2021,2,Q2,5,May,6,5,Thursday
858,7/5/2021,2021,2,Q2,5,May,7,6,Friday
859,8/5/2021,2021,2,Q2,5,May,8,7,Saturday
860,9/5/2021,2021,2,Q2,5,May,9,1,Sunday
861,10/5/2021,2021,2,Q2,5,May,10,2,Monday
862,11/5/2021,2021,2,Q2,5,May,11,3,Tuesday
863,12/5/2021,2021,2,Q2,5,May,12,4,Wednesday
864,5/13/2021,2021,2,Q2,5,May,13,5,Thursday
865,5/14/2021,2021,2,Q2,5,May,14,6,Friday
866,5/15/2021,2021,2,Q2,5,May,15,7,Saturday
867,5/16/2021,2021,2,Q2,5,May,16,1,Sunday
868,5/17/2021,2021,2,Q2,5,May,17,2,Monday
869,5/18/2021,2021,2,Q2,5,May,18,3,Tuesday
870,5/19/2021,2021,2,Q2,5,May,19,4,Wednesday
871,5/20/2021,2021,2,Q2,5,May,20,5,Thursday
872,5/21/2021,2021,2,Q2,5,May,21,6,Friday
873,5/22/2021,2021,2,Q2,5,May,22,7,Saturday
874,5/23/2021,2021,2,Q2,5,May,23,1,Sunday
875,5/24/2021,2021,2,Q2,5,May,24,2,Monday
876,5/25/2021,2021,2,Q2,5,May,25,3,Tuesday
877,5/26/2021,2021,2,Q2,5,May,26,4,Wednesday
878,5/27/2021,2021,2,Q2,5,May,27,5,Thursday
879,5/28/2021,2021,2,Q2,5,May,28,6,Friday
880,5/29/2021,2021,2,Q2,5,May,29,7,Saturday
881,5/30/2021,2021,2,Q2,5,May,30,1,Sunday
882,5/31/2021,2021,2,Q2,5,May,31,2,Monday
883,1/6/2021,2021,2,Q2,6,June,1,3,Tuesday
884,2/6/2021,2021,2,Q2,6,June,2,4,Wednesday
885,3/6/2021,2021,2,Q2,6,June,3,5,Thursday
886,4/6/2021,2021,2,Q2,6,June,4,6,Friday
887,5/6/2021,2021,2,Q2,6,June,5,7,Saturday
888,6/6/2021,2021,2,Q2,6,June,6,1,Sunday
889,7/6/2021,2021,2,Q2,6,June,7,2,Monday
890,8/6/2021,2021,2,Q2,6,June,8,3,Tuesday
891,9/6/2021,2021,2,Q2,6,June,9,4,Wednesday
892,10/6/2021,2021,2,Q2,6,June,10,5,Thursday
893,11/6/2021,2021,2,Q2,6,June,11,6,Friday
894,12/6/2021,2021,2,Q2,6,June,12,7,Saturday
895,6/13/2021,2021,2,Q2,6,June,13,1,Sunday
896,6/14/2021,2021,2,Q2,6,June,14,2,Monday
897,6/15/2021,2021,2,Q2,6,June,15,3,Tuesday
898,6/16/2021,2021,2,Q2,6,June,16,4,Wednesday
899,6/17/2021,2021,2,Q2,6,June,17,5,Thursday
900,6/18/2021,2021,2,Q2,6,June,18,6,Friday
901,6/19/2021,2021,2,Q2,6,June,19,7,Saturday
902,6/20/2021,2021,2,Q2,6,June,20,1,Sunday
903,6/21/2021,2021,2,Q2,6,June,21,2,Monday
904,6/22/2021,2021,2,Q2,6,June,22,3,Tuesday
905,6/23/2021,2021,2,Q2,6,June,23,4,Wednesday
906,6/24/2021,2021,2,Q2,6,June,24,5,Thursday
907,6/25/2021,2021,2,Q2,6,June,25,6,Friday
908,6/26/2021,2021,2,Q2,6,June,26,7,Saturday
909,6/27/2021,2021,2,Q2,6,June,27,1,Sunday
910,6/28/2021,2021,2,Q2,6,June,28,2,Monday
911,6/29/2021,2021,2,Q2,6,June,29,3,Tuesday
912,6/30/2021,2021,3,Q3,6,June,30,4,Wednesday
913,1/7/2021,2021,3,Q3,7,July,1,5,Thursday
914,2/7/2021,2021,3,Q3,7,July,2,6,Friday
915,3/7/2021,2021,3,Q3,7,July,3,7,Saturday
916,4/7/2021,2021,3,Q3,7,July,4,1,Sunday
917,5/7/2021,2021,3,Q3,7,July,5,2,Monday
918,6/7/2021,2021,3,Q3,7,July,6,3,Tuesday
919,7/7/2021,2021,3,Q3,7,July,7,4,Wednesday
920,8/7/2021,2021,3,Q3,7,July,8,5,Thursday
921,9/7/2021,2021,3,Q3,7,July,9,6,Friday
922,10/7/2021,2021,3,Q3,7,July,10,7,Saturday
923,11/7/2021,2021,3,Q3,7,July,11,1,Sunday
924,12/7/2021,2021,3,Q3,7,July,12,2,Monday
925,7/13/2021,2021,3,Q3,7,July,13,3,Tuesday
926,7/14/2021,2021,3,Q3,7,July,14,4,Wednesday
927,7/15/2021,2021,3,Q3,7,July,15,5,Thursday
928,7/16/2021,2021,3,Q3,7,July,16,6,Friday
929,7/17/2021,2021,3,Q3,7,July,17,7,Saturday
930,7/18/2021,2021,3,Q3,7,July,18,1,Sunday
931,7/19/2021,2021,3,Q3,7,July,19,2,Monday
932,7/20/2021,2021,3,Q3,7,July,20,3,Tuesday
933,7/21/2021,2021,3,Q3,7,July,21,4,Wednesday
934,7/22/2021,2021,3,Q3,7,July,22,5,Thursday
935,7/23/2021,2021,3,Q3,7,July,23,6,Friday
936,7/24/2021,2021,3,Q3,7,July,24,7,Saturday
937,7/25/2021,2021,3,Q3,7,July,25,1,Sunday
938,7/26/2021,2021,3,Q3,7,July,26,2,Monday
939,7/27/2021,2021,3,Q3,7,July,27,3,Tuesday
940,7/28/2021,2021,3,Q3,7,July,28,4,Wednesday
941,7/29/2021,2021,3,Q3,7,July,29,5,Thursday
942,7/30/2021,2021,3,Q3,7,July,30,6,Friday
943,7/31/2021,2021,3,Q3,7,July,31,7,Saturday
944,1/8/2021,2021,3,Q3,8,August,1,1,Sunday
945,2/8/2021,2021,3,Q3,8,August,2,2,Monday
946,3/8/2021,2021,3,Q3,8,August,3,3,Tuesday
947,4/8/2021,2021,3,Q3,8,August,4,4,Wednesday
948,5/8/2021,2021,3,Q3,8,August,5,5,Thursday
949,6/8/2021,2021,3,Q3,8,August,6,6,Friday
950,7/8/2021,2021,3,Q3,8,August,7,7,Saturday
951,8/8/2021,2021,3,Q3,8,August,8,1,Sunday
952,9/8/2021,2021,3,Q3,8,August,9,2,Monday
953,10/8/2021,2021,3,Q3,8,August,10,3,Tuesday
954,11/8/2021,2021,3,Q3,8,August,11,4,Wednesday
955,12/8/2021,2021,3,Q3,8,August,12,5,Thursday
956,8/13/2021,2021,3,Q3,8,August,13,6,Friday
957,8/14/2021,2021,3,Q3,8,August,14,7,Saturday
958,8/15/2021,2021,3,Q3,8,August,15,1,Sunday
959,8/16/2021,2021,3,Q3,8,August,16,2,Monday
960,8/17/2021,2021,3,Q3,8,August,17,3,Tuesday
961,8/18/2021,2021,3,Q3,8,August,18,4,Wednesday
962,8/19/2021,2021,3,Q3,8,August,19,5,Thursday
963,8/20/2021,2021,3,Q3,8,August,20,6,Friday
964,8/21/2021,2021,3,Q3,8,August,21,7,Saturday
965,8/22/2021,2021,3,Q3,8,August,22,1,Sunday
966,8/23/2021,2021,3,Q3,8,August,23,2,Monday
967,8/24/2021,2021,3,Q3,8,August,24,3,Tuesday
968,8/25/2021,2021,3,Q3,8,August,25,4,Wednesday
969,8/26/2021,2021,3,Q3,8,August,26,5,Thursday
970,8/27/2021,2021,3,Q3,8,August,27,6,Friday
971,8/28/2021,2021,3,Q3,8,August,28,7,Saturday
972,8/29/2021,2021,3,Q3,8,August,29,1,Sunday
973,8/30/2021,2021,3,Q3,8,August,30,2,Monday
974,8/31/2021,2021,3,Q3,8,August,31,3,Tuesday
975,1/9/2021,2021,3,Q3,9,September,1,4,Wednesday
976,2/9/2021,2021,3,Q3,9,September,2,5,Thursday
977,3/9/2021,2021,3,Q3,9,September,3,6,Friday
978,4/9/2021,2021,3,Q3,9,September,4,7,Saturday
979,5/9/2021,2021,3,Q3,9,September,5,1,Sunday
980,6/9/2021,2021,3,Q3,9,September,6,2,Monday
981,7/9/2021,2021,3,Q3,9,September,7,3,Tuesday
982,8/9/2021,2021,3,Q3,9,September,8,4,Wednesday
983,9/9/2021,2021,3,Q3,9,September,9,5,Thursday
984,10/9/2021,2021,3,Q3,9,September,10,6,Friday
985,11/9/2021,2021,3,Q3,9,September,11,7,Saturday
986,12/9/2021,2021,3,Q3,9,September,12,1,Sunday
987,9/13/2021,2021,3,Q3,9,September,13,2,Monday
988,9/14/2021,2021,3,Q3,9,September,14,3,Tuesday
989,9/15/2021,2021,3,Q3,9,September,15,4,Wednesday
990,9/16/2021,2021,3,Q3,9,September,16,5,Thursday
991,9/17/2021,2021,3,Q3,9,September,17,6,Friday
992,9/18/2021,2021,3,Q3,9,September,18,7,Saturday
993,9/19/2021,2021,3,Q3,9,September,19,1,Sunday
994,9/20/2021,2021,3,Q3,9,September,20,2,Monday
995,9/21/2021,2021,3,Q3,9,September,21,3,Tuesday
996,9/22/2021,2021,3,Q3,9,September,22,4,Wednesday
997,9/23/2021,2021,3,Q3,9,September,23,5,Thursday
998,9/24/2021,2021,3,Q3,9,September,24,6,Friday
999,9/25/2021,2021,3,Q3,9,September,25,7,Saturday
1000,9/26/2021,2021,3,Q3,9,September,26,1,Sunday
1001,9/27/2021,2021,3,Q3,9,September,27,2,Monday
1002,9/28/2021,2021,3,Q3,9,September,28,3,Tuesday
1003,9/29/2021,2021,3,Q3,9,September,29,4,Wednesday
1004,9/30/2021,2021,4,Q4,9,September,30,5,Thursday
1005,1/10/2021,2021,4,Q4,10,October,1,6,Friday
1006,2/10/2021,2021,4,Q4,10,October,2,7,Saturday
1007,3/10/2021,2021,4,Q4,10,October,3,1,Sunday
1008,4/10/2021,2021,4,Q4,10,October,4,2,Monday
1009,5/10/2021,2021,4,Q4,10,October,5,3,Tuesday
1010,6/10/2021,2021,4,Q4,10,October,6,4,Wednesday
1011,7/10/2021,2021,4,Q4,10,October,7,5,Thursday
1012,8/10/2021,2021,4,Q4,10,October,8,6,Friday
1013,9/10/2021,2021,4,Q4,10,October,9,7,Saturday
1014,10/10/2021,2021,4,Q4,10,October,10,1,Sunday
1015,11/10/2021,2021,4,Q4,10,October,11,2,Monday
1016,12/10/2021,2021,4,Q4,10,October,12,3,Tuesday
1017,10/13/2021,2021,4,Q4,10,October,13,4,Wednesday
1018,10/14/2021,2021,4,Q4,10,October,14,5,Thursday
1019,10/15/2021,2021,4,Q4,10,October,15,6,Friday
1020,10/16/2021,2021,4,Q4,10,October,16,7,Saturday
1021,10/17/2021,2021,4,Q4,10,October,17,1,Sunday
1022,10/18/2021,2021,4,Q4,10,October,18,2,Monday
1023,10/19/2021,2021,4,Q4,10,October,19,3,Tuesday
1024,10/20/2021,2021,4,Q4,10,October,20,4,Wednesday
1025,10/21/2021,2021,4,Q4,10,October,21,5,Thursday
1026,10/22/2021,2021,4,Q4,10,October,22,6,Friday
1027,10/23/2021,2021,4,Q4,10,October,23,7,Saturday
1028,10/24/2021,2021,4,Q4,10,October,24,1,Sunday
1029,10/25/2021,2021,4,Q4,10,October,25,2,Monday
1030,10/26/2021,2021,4,Q4,10,October,26,3,Tuesday
1031,10/27/2021,2021,4,Q4,10,October,27,4,Wednesday
1032,10/28/2021,2021,4,Q4,10,October,28,5,Thursday
1033,10/29/2021,2021,4,Q4,10,October,29,6,Friday
1034,10/30/2021,2021,4,Q4,10,October,30,7,Saturday
1035,10/31/2021,2021,4,Q4,10,October,31,1,Sunday
1036,1/11/2021,2021,4,Q4,11,November,1,2,Monday
1037,2/11/2021,2021,4,Q4,11,November,2,3,Tuesday
1038,3/11/2021,2021,4,Q4,11,November,3,4,Wednesday
1039,4/11/2021,2021,4,Q4,11,November,4,5,Thursday
1040,5/11/2021,2021,4,Q4,11,November,5,6,Friday
1041,6/11/2021,2021,4,Q4,11,November,6,7,Saturday
1042,7/11/2021,2021,4,Q4,11,November,7,1,Sunday
1043,8/11/2021,2021,4,Q4,11,November,8,2,Monday
1044,9/11/2021,2021,4,Q4,11,November,9,3,Tuesday
1045,10/11/2021,2021,4,Q4,11,November,10,4,Wednesday
1046,11/11/2021,2021,4,Q4,11,November,11,5,Thursday
1047,12/11/2021,2021,4,Q4,11,November,12,6,Friday
1048,11/13/2021,2021,4,Q4,11,November,13,7,Saturday
1049,11/14/2021,2021,4,Q4,11,November,14,1,Sunday
1050,11/15/2021,2021,4,Q4,11,November,15,2,Monday
1051,11/16/2021,2021,4,Q4,11,November,16,3,Tuesday
1052,11/17/2021,2021,4,Q4,11,November,17,4,Wednesday
1053,11/18/2021,2021,4,Q4,11,November,18,5,Thursday
1054,11/19/2021,2021,4,Q4,11,November,19,6,Friday
1055,11/20/2021,2021,4,Q4,11,November,20,7,Saturday
1056,11/21/2021,2021,4,Q4,11,November,21,1,Sunday
1057,11/22/2021,2021,4,Q4,11,November,22,2,Monday
1058,11/23/2021,2021,4,Q4,11,November,23,3,Tuesday
1059,11/24/2021,2021,4,Q4,11,November,24,4,Wednesday
1060,11/25/2021,2021,4,Q4,11,November,25,5,Thursday
1061,11/26/2021,2021,4,Q4,11,November,26,6,Friday
1062,11/27/2021,2021,4,Q4,11,November,27,7,Saturday
1063,11/28/2021,2021,4,Q4,11,November,28,1,Sunday
1064,11/29/2021,2021,4,Q4,11,November,29,2,Monday
1065,11/30/2021,2021,4,Q4,11,November,30,3,Tuesday
1066,1/12/2021,2021,4,Q4,12,December,1,4,Wednesday
1067,2/12/2021,2021,4,Q4,12,December,2,5,Thursday
1068,3/12/2021,2021,4,Q4,12,December,3,6,Friday
1069,4/12/2021,2021,4,Q4,12,December,4,7,Saturday
1070,5/12/2021,2021,4,Q4,12,December,5,1,Sunday
1071,6/12/2021,2021,4,Q4,12,December,6,2,Monday
1072,7/12/2021,2021,4,Q4,12,December,7,3,Tuesday
1073,8/12/2021,2021,4,Q4,12,December,8,4,Wednesday
1074,9/12/2021,2021,4,Q4,12,December,9,5,Thursday
1075,10/12/2021,2021,4,Q4,12,December,10,6,Friday
1076,11/12/2021,2021,4,Q4,12,December,11,7,Saturday
1077,12/12/2021,2021,4,Q4,12,December,12,1,Sunday
1078,12/13/2021,2021,4,Q4,12,December,13,2,Monday
1079,12/14/2021,2021,4,Q4,12,December,14,3,Tuesday
1080,12/15/2021,2021,4,Q4,12,December,15,4,Wednesday
1081,12/16/2021,2021,4,Q4,12,December,16,5,Thursday
1082,12/17/2021,2021,4,Q4,12,December,17,6,Friday
1083,12/18/2021,2021,4,Q4,12,December,18,7,Saturday
1084,12/19/2021,2021,4,Q4,12,December,19,1,Sunday
1085,12/20/2021,2021,4,Q4,12,December,20,2,Monday
1086,12/21/2021,2021,4,Q4,12,December,21,3,Tuesday
1087,12/22/2021,2021,4,Q4,12,December,22,4,Wednesday
1088,12/23/2021,2021,4,Q4,12,December,23,5,Thursday
1089,12/24/2021,2021,4,Q4,12,December,24,6,Friday
1090,12/25/2021,2021,4,Q4,12,December,25,7,Saturday
1091,12/26/2021,2021,4,Q4,12,December,26,1,Sunday
1092,12/27/2021,2021,4,Q4,12,December,27,2,Monday
1093,12/28/2021,2021,4,Q4,12,December,28,3,Tuesday
1094,12/29/2021,2021,4,Q4,12,December,29,4,Wednesday
1095,12/30/2021,2021,4,Q4,12,December,30,5,Thursday
1096,12/31/2021,2021,1,Q1,12,December,31,6,Friday
